motif_id1,motif_id2,discrepancy
HL_1S72_010,HL_1S72_010,0
HL_1S72_010,HL_1S72_039,0.5628
HL_1S72_010,HL_1VX6_005,0.4684
HL_1S72_010,HL_1VX6_037,0.5925
HL_1S72_010,HL_2A64_002,0.3202
HL_1S72_010,HL_2GDI_002,0.5276
HL_1S72_010,HL_2GDI_004,0.4963
HL_1S72_010,HL_2HOJ_002,0.5252
HL_1S72_010,HL_2QBG_011,0.123
HL_1S72_010,HL_3DHS_002,0.2163
HL_1S72_010,HL_3J7A_004,0.3206
HL_1S72_010,HL_3U5F_006,0.3608
HL_1S72_010,HL_3U5H_005,0.07
HL_1S72_010,HL_4A1B_005,0.1516
HL_1S72_010,HL_4A1B_037,0.5904
HL_1S72_010,HL_4BPP_006,0.4858
HL_1S72_010,HL_4CUV_005,0.1202
HL_1S72_010,HL_4CUX_006,0.4073
HL_1S72_010,HL_4IOA_009,0.1869
HL_1S72_010,HL_4QCN_009,0.2443
HL_1S72_010,HL_4W21_039,0.7208
HL_1S72_039,HL_1S72_010,0.5628
HL_1S72_039,HL_1S72_039,0
HL_1S72_039,HL_1VX6_005,0.671
HL_1S72_039,HL_1VX6_037,0.4675
HL_1S72_039,HL_2A64_002,0.7397
HL_1S72_039,HL_2GDI_002,0.451
HL_1S72_039,HL_2GDI_004,0.4797
HL_1S72_039,HL_2HOJ_002,0.4404
HL_1S72_039,HL_2QBG_011,0.6017
HL_1S72_039,HL_3DHS_002,0.6379
HL_1S72_039,HL_3J7A_004,0.4211
HL_1S72_039,HL_3U5F_006,0.392
HL_1S72_039,HL_3U5H_005,0.5495
HL_1S72_039,HL_4A1B_005,0.5807
HL_1S72_039,HL_4A1B_037,0.3649
HL_1S72_039,HL_4BPP_006,0.3793
HL_1S72_039,HL_4CUV_005,0.5979
HL_1S72_039,HL_4CUX_006,0.4111
HL_1S72_039,HL_4IOA_009,0.6666
HL_1S72_039,HL_4QCN_009,0.695
HL_1S72_039,HL_4W21_039,0.7288
HL_1VX6_005,HL_1S72_010,0.4684
HL_1VX6_005,HL_1S72_039,0.671
HL_1VX6_005,HL_1VX6_005,0
HL_1VX6_005,HL_1VX6_037,0.6095
HL_1VX6_005,HL_2A64_002,0.5505
HL_1VX6_005,HL_2GDI_002,0.6092
HL_1VX6_005,HL_2GDI_004,0.61
HL_1VX6_005,HL_2HOJ_002,0.6249
HL_1VX6_005,HL_2QBG_011,0.4662
HL_1VX6_005,HL_3DHS_002,0.4887
HL_1VX6_005,HL_3J7A_004,0.5183
HL_1VX6_005,HL_3U5F_006,0.5463
HL_1VX6_005,HL_3U5H_005,0.4651
HL_1VX6_005,HL_4A1B_005,0.4864
HL_1VX6_005,HL_4A1B_037,0.6477
HL_1VX6_005,HL_4BPP_006,0.6075
HL_1VX6_005,HL_4CUV_005,0.4548
HL_1VX6_005,HL_4CUX_006,0.5126
HL_1VX6_005,HL_4IOA_009,0.4983
HL_1VX6_005,HL_4QCN_009,0.52
HL_1VX6_005,HL_4W21_039,0.7894
HL_1VX6_037,HL_1S72_010,0.5925
HL_1VX6_037,HL_1S72_039,0.4675
HL_1VX6_037,HL_1VX6_005,0.6095
HL_1VX6_037,HL_1VX6_037,0
HL_1VX6_037,HL_2A64_002,0.7483
HL_1VX6_037,HL_2GDI_002,0.5777
HL_1VX6_037,HL_2GDI_004,0.6423
HL_1VX6_037,HL_2HOJ_002,0.5927
HL_1VX6_037,HL_2QBG_011,0.5952
HL_1VX6_037,HL_3DHS_002,0.6517
HL_1VX6_037,HL_3J7A_004,0.5624
HL_1VX6_037,HL_3U5F_006,0.5836
HL_1VX6_037,HL_3U5H_005,0.5705
HL_1VX6_037,HL_4A1B_005,0.5935
HL_1VX6_037,HL_4A1B_037,0.2078
HL_1VX6_037,HL_4BPP_006,0.5376
HL_1VX6_037,HL_4CUV_005,0.6027
HL_1VX6_037,HL_4CUX_006,0.5771
HL_1VX6_037,HL_4IOA_009,0.6982
HL_1VX6_037,HL_4QCN_009,0.7329
HL_1VX6_037,HL_4W21_039,0.4547
HL_2A64_002,HL_1S72_010,0.3202
HL_2A64_002,HL_1S72_039,0.7397
HL_2A64_002,HL_1VX6_005,0.5505
HL_2A64_002,HL_1VX6_037,0.7483
HL_2A64_002,HL_2A64_002,0
HL_2A64_002,HL_2GDI_002,0.6385
HL_2A64_002,HL_2GDI_004,0.5884
HL_2A64_002,HL_2HOJ_002,0.6331
HL_2A64_002,HL_2QBG_011,0.3327
HL_2A64_002,HL_3DHS_002,0.2091
HL_2A64_002,HL_3J7A_004,0.5015
HL_2A64_002,HL_3U5F_006,0.5395
HL_2A64_002,HL_3U5H_005,0.3321
HL_2A64_002,HL_4A1B_005,0.3657
HL_2A64_002,HL_4A1B_037,0.7479
HL_2A64_002,HL_4BPP_006,0.6581
HL_2A64_002,HL_4CUV_005,0.3197
HL_2A64_002,HL_4CUX_006,0.588
HL_2A64_002,HL_4IOA_009,0.3053
HL_2A64_002,HL_4QCN_009,0.3482
HL_2A64_002,HL_4W21_039,0.8618
HL_2GDI_002,HL_1S72_010,0.5276
HL_2GDI_002,HL_1S72_039,0.451
HL_2GDI_002,HL_1VX6_005,0.6092
HL_2GDI_002,HL_1VX6_037,0.5777
HL_2GDI_002,HL_2A64_002,0.6385
HL_2GDI_002,HL_2GDI_002,0
HL_2GDI_002,HL_2GDI_004,0.1119
HL_2GDI_002,HL_2HOJ_002,0.0926
HL_2GDI_002,HL_2QBG_011,0.545
HL_2GDI_002,HL_3DHS_002,0.5122
HL_2GDI_002,HL_3J7A_004,0.4861
HL_2GDI_002,HL_3U5F_006,0.4982
HL_2GDI_002,HL_3U5H_005,0.5222
HL_2GDI_002,HL_4A1B_005,0.5516
HL_2GDI_002,HL_4A1B_037,0.5663
HL_2GDI_002,HL_4BPP_006,0.5568
HL_2GDI_002,HL_4CUV_005,0.4881
HL_2GDI_002,HL_4CUX_006,0.5006
HL_2GDI_002,HL_4IOA_009,0.5498
HL_2GDI_002,HL_4QCN_009,0.592
HL_2GDI_002,HL_4W21_039,0.8168
HL_2GDI_004,HL_1S72_010,0.4963
HL_2GDI_004,HL_1S72_039,0.4797
HL_2GDI_004,HL_1VX6_005,0.61
HL_2GDI_004,HL_1VX6_037,0.6423
HL_2GDI_004,HL_2A64_002,0.5884
HL_2GDI_004,HL_2GDI_002,0.1119
HL_2GDI_004,HL_2GDI_004,0
HL_2GDI_004,HL_2HOJ_002,0.1206
HL_2GDI_004,HL_2QBG_011,0.5189
HL_2GDI_004,HL_3DHS_002,0.4636
HL_2GDI_004,HL_3J7A_004,0.4777
HL_2GDI_004,HL_3U5F_006,0.4866
HL_2GDI_004,HL_3U5H_005,0.4938
HL_2GDI_004,HL_4A1B_005,0.5207
HL_2GDI_004,HL_4A1B_037,0.6226
HL_2GDI_004,HL_4BPP_006,0.5745
HL_2GDI_004,HL_4CUV_005,0.4555
HL_2GDI_004,HL_4CUX_006,0.5006
HL_2GDI_004,HL_4IOA_009,0.5047
HL_2GDI_004,HL_4QCN_009,0.5534
HL_2GDI_004,HL_4W21_039,0.8565
HL_2HOJ_002,HL_1S72_010,0.5252
HL_2HOJ_002,HL_1S72_039,0.4404
HL_2HOJ_002,HL_1VX6_005,0.6249
HL_2HOJ_002,HL_1VX6_037,0.5927
HL_2HOJ_002,HL_2A64_002,0.6331
HL_2HOJ_002,HL_2GDI_002,0.0926
HL_2HOJ_002,HL_2GDI_004,0.1206
HL_2HOJ_002,HL_2HOJ_002,0
HL_2HOJ_002,HL_2QBG_011,0.5567
HL_2HOJ_002,HL_3DHS_002,0.5133
HL_2HOJ_002,HL_3J7A_004,0.4947
HL_2HOJ_002,HL_3U5F_006,0.5066
HL_2HOJ_002,HL_3U5H_005,0.5214
HL_2HOJ_002,HL_4A1B_005,0.5467
HL_2HOJ_002,HL_4A1B_037,0.5818
HL_2HOJ_002,HL_4BPP_006,0.5704
HL_2HOJ_002,HL_4CUV_005,0.49
HL_2HOJ_002,HL_4CUX_006,0.5165
HL_2HOJ_002,HL_4IOA_009,0.5567
HL_2HOJ_002,HL_4QCN_009,0.6058
HL_2HOJ_002,HL_4W21_039,0.8089
HL_2QBG_011,HL_1S72_010,0.123
HL_2QBG_011,HL_1S72_039,0.6017
HL_2QBG_011,HL_1VX6_005,0.4662
HL_2QBG_011,HL_1VX6_037,0.5952
HL_2QBG_011,HL_2A64_002,0.3327
HL_2QBG_011,HL_2GDI_002,0.545
HL_2QBG_011,HL_2GDI_004,0.5189
HL_2QBG_011,HL_2HOJ_002,0.5567
HL_2QBG_011,HL_2QBG_011,0
HL_2QBG_011,HL_3DHS_002,0.2177
HL_2QBG_011,HL_3J7A_004,0.3337
HL_2QBG_011,HL_3U5F_006,0.3694
HL_2QBG_011,HL_3U5H_005,0.1502
HL_2QBG_011,HL_4A1B_005,0.2108
HL_2QBG_011,HL_4A1B_037,0.5964
HL_2QBG_011,HL_4BPP_006,0.4875
HL_2QBG_011,HL_4CUV_005,0.1519
HL_2QBG_011,HL_4CUX_006,0.4248
HL_2QBG_011,HL_4IOA_009,0.1556
HL_2QBG_011,HL_4QCN_009,0.2224
HL_2QBG_011,HL_4W21_039,0.7298
HL_3DHS_002,HL_1S72_010,0.2163
HL_3DHS_002,HL_1S72_039,0.6379
HL_3DHS_002,HL_1VX6_005,0.4887
HL_3DHS_002,HL_1VX6_037,0.6517
HL_3DHS_002,HL_2A64_002,0.2091
HL_3DHS_002,HL_2GDI_002,0.5122
HL_3DHS_002,HL_2GDI_004,0.4636
HL_3DHS_002,HL_2HOJ_002,0.5133
HL_3DHS_002,HL_2QBG_011,0.2177
HL_3DHS_002,HL_3DHS_002,0
HL_3DHS_002,HL_3J7A_004,0.3898
HL_3DHS_002,HL_3U5F_006,0.4343
HL_3DHS_002,HL_3U5H_005,0.2313
HL_3DHS_002,HL_4A1B_005,0.2588
HL_3DHS_002,HL_4A1B_037,0.6476
HL_3DHS_002,HL_4BPP_006,0.5554
HL_3DHS_002,HL_4CUV_005,0.1943
HL_3DHS_002,HL_4CUX_006,0.4867
HL_3DHS_002,HL_4IOA_009,0.194
HL_3DHS_002,HL_4QCN_009,0.2925
HL_3DHS_002,HL_4W21_039,0.7688
HL_3J7A_004,HL_1S72_010,0.3206
HL_3J7A_004,HL_1S72_039,0.4211
HL_3J7A_004,HL_1VX6_005,0.5183
HL_3J7A_004,HL_1VX6_037,0.5624
HL_3J7A_004,HL_2A64_002,0.5015
HL_3J7A_004,HL_2GDI_002,0.4861
HL_3J7A_004,HL_2GDI_004,0.4777
HL_3J7A_004,HL_2HOJ_002,0.4947
HL_3J7A_004,HL_2QBG_011,0.3337
HL_3J7A_004,HL_3DHS_002,0.3898
HL_3J7A_004,HL_3J7A_004,0
HL_3J7A_004,HL_3U5F_006,0.1672
HL_3J7A_004,HL_3U5H_005,0.3336
HL_3J7A_004,HL_4A1B_005,0.3803
HL_3J7A_004,HL_4A1B_037,0.4878
HL_3J7A_004,HL_4BPP_006,0.2236
HL_3J7A_004,HL_4CUV_005,0.3675
HL_3J7A_004,HL_4CUX_006,0.2186
HL_3J7A_004,HL_4IOA_009,0.3966
HL_3J7A_004,HL_4QCN_009,0.4263
HL_3J7A_004,HL_4W21_039,0.7605
HL_3U5F_006,HL_1S72_010,0.3608
HL_3U5F_006,HL_1S72_039,0.392
HL_3U5F_006,HL_1VX6_005,0.5463
HL_3U5F_006,HL_1VX6_037,0.5836
HL_3U5F_006,HL_2A64_002,0.5395
HL_3U5F_006,HL_2GDI_002,0.4982
HL_3U5F_006,HL_2GDI_004,0.4866
HL_3U5F_006,HL_2HOJ_002,0.5066
HL_3U5F_006,HL_2QBG_011,0.3694
HL_3U5F_006,HL_3DHS_002,0.4343
HL_3U5F_006,HL_3J7A_004,0.1672
HL_3U5F_006,HL_3U5F_006,0
HL_3U5F_006,HL_3U5H_005,0.3721
HL_3U5F_006,HL_4A1B_005,0.433
HL_3U5F_006,HL_4A1B_037,0.4991
HL_3U5F_006,HL_4BPP_006,0.2104
HL_3U5F_006,HL_4CUV_005,0.407
HL_3U5F_006,HL_4CUX_006,0.1972
HL_3U5F_006,HL_4IOA_009,0.4433
HL_3U5F_006,HL_4QCN_009,0.4637
HL_3U5F_006,HL_4W21_039,0.7643
HL_3U5H_005,HL_1S72_010,0.07
HL_3U5H_005,HL_1S72_039,0.5495
HL_3U5H_005,HL_1VX6_005,0.4651
HL_3U5H_005,HL_1VX6_037,0.5705
HL_3U5H_005,HL_2A64_002,0.3321
HL_3U5H_005,HL_2GDI_002,0.5222
HL_3U5H_005,HL_2GDI_004,0.4938
HL_3U5H_005,HL_2HOJ_002,0.5214
HL_3U5H_005,HL_2QBG_011,0.1502
HL_3U5H_005,HL_3DHS_002,0.2313
HL_3U5H_005,HL_3J7A_004,0.3336
HL_3U5H_005,HL_3U5F_006,0.3721
HL_3U5H_005,HL_3U5H_005,0
HL_3U5H_005,HL_4A1B_005,0.1327
HL_3U5H_005,HL_4A1B_037,0.5717
HL_3U5H_005,HL_4BPP_006,0.4922
HL_3U5H_005,HL_4CUV_005,0.1259
HL_3U5H_005,HL_4CUX_006,0.4105
HL_3U5H_005,HL_4IOA_009,0.2111
HL_3U5H_005,HL_4QCN_009,0.2653
HL_3U5H_005,HL_4W21_039,0.7047
HL_4A1B_005,HL_1S72_010,0.1516
HL_4A1B_005,HL_1S72_039,0.5807
HL_4A1B_005,HL_1VX6_005,0.4864
HL_4A1B_005,HL_1VX6_037,0.5935
HL_4A1B_005,HL_2A64_002,0.3657
HL_4A1B_005,HL_2GDI_002,0.5516
HL_4A1B_005,HL_2GDI_004,0.5207
HL_4A1B_005,HL_2HOJ_002,0.5467
HL_4A1B_005,HL_2QBG_011,0.2108
HL_4A1B_005,HL_3DHS_002,0.2588
HL_4A1B_005,HL_3J7A_004,0.3803
HL_4A1B_005,HL_3U5F_006,0.433
HL_4A1B_005,HL_3U5H_005,0.1327
HL_4A1B_005,HL_4A1B_005,0
HL_4A1B_005,HL_4A1B_037,0.5994
HL_4A1B_005,HL_4BPP_006,0.5415
HL_4A1B_005,HL_4CUV_005,0.1896
HL_4A1B_005,HL_4CUX_006,0.474
HL_4A1B_005,HL_4IOA_009,0.2362
HL_4A1B_005,HL_4QCN_009,0.3239
HL_4A1B_005,HL_4W21_039,0.6943
HL_4A1B_037,HL_1S72_010,0.5904
HL_4A1B_037,HL_1S72_039,0.3649
HL_4A1B_037,HL_1VX6_005,0.6477
HL_4A1B_037,HL_1VX6_037,0.2078
HL_4A1B_037,HL_2A64_002,0.7479
HL_4A1B_037,HL_2GDI_002,0.5663
HL_4A1B_037,HL_2GDI_004,0.6226
HL_4A1B_037,HL_2HOJ_002,0.5818
HL_4A1B_037,HL_2QBG_011,0.5964
HL_4A1B_037,HL_3DHS_002,0.6476
HL_4A1B_037,HL_3J7A_004,0.4878
HL_4A1B_037,HL_3U5F_006,0.4991
HL_4A1B_037,HL_3U5H_005,0.5717
HL_4A1B_037,HL_4A1B_005,0.5994
HL_4A1B_037,HL_4A1B_037,0
HL_4A1B_037,HL_4BPP_006,0.4112
HL_4A1B_037,HL_4CUV_005,0.6216
HL_4A1B_037,HL_4CUX_006,0.512
HL_4A1B_037,HL_4IOA_009,0.6952
HL_4A1B_037,HL_4QCN_009,0.7187
HL_4A1B_037,HL_4W21_039,0.5208
HL_4BPP_006,HL_1S72_010,0.4858
HL_4BPP_006,HL_1S72_039,0.3793
HL_4BPP_006,HL_1VX6_005,0.6075
HL_4BPP_006,HL_1VX6_037,0.5376
HL_4BPP_006,HL_2A64_002,0.6581
HL_4BPP_006,HL_2GDI_002,0.5568
HL_4BPP_006,HL_2GDI_004,0.5745
HL_4BPP_006,HL_2HOJ_002,0.5704
HL_4BPP_006,HL_2QBG_011,0.4875
HL_4BPP_006,HL_3DHS_002,0.5554
HL_4BPP_006,HL_3J7A_004,0.2236
HL_4BPP_006,HL_3U5F_006,0.2104
HL_4BPP_006,HL_3U5H_005,0.4922
HL_4BPP_006,HL_4A1B_005,0.5415
HL_4BPP_006,HL_4A1B_037,0.4112
HL_4BPP_006,HL_4BPP_006,0
HL_4BPP_006,HL_4CUV_005,0.5384
HL_4BPP_006,HL_4CUX_006,0.2765
HL_4BPP_006,HL_4IOA_009,0.569
HL_4BPP_006,HL_4QCN_009,0.5791
HL_4BPP_006,HL_4W21_039,0.7423
HL_4CUV_005,HL_1S72_010,0.1202
HL_4CUV_005,HL_1S72_039,0.5979
HL_4CUV_005,HL_1VX6_005,0.4548
HL_4CUV_005,HL_1VX6_037,0.6027
HL_4CUV_005,HL_2A64_002,0.3197
HL_4CUV_005,HL_2GDI_002,0.4881
HL_4CUV_005,HL_2GDI_004,0.4555
HL_4CUV_005,HL_2HOJ_002,0.49
HL_4CUV_005,HL_2QBG_011,0.1519
HL_4CUV_005,HL_3DHS_002,0.1943
HL_4CUV_005,HL_3J7A_004,0.3675
HL_4CUV_005,HL_3U5F_006,0.407
HL_4CUV_005,HL_3U5H_005,0.1259
HL_4CUV_005,HL_4A1B_005,0.1896
HL_4CUV_005,HL_4A1B_037,0.6216
HL_4CUV_005,HL_4BPP_006,0.5384
HL_4CUV_005,HL_4CUV_005,0
HL_4CUV_005,HL_4CUX_006,0.4363
HL_4CUV_005,HL_4IOA_009,0.1809
HL_4CUV_005,HL_4QCN_009,0.2486
HL_4CUV_005,HL_4W21_039,0.7278
HL_4CUX_006,HL_1S72_010,0.4073
HL_4CUX_006,HL_1S72_039,0.4111
HL_4CUX_006,HL_1VX6_005,0.5126
HL_4CUX_006,HL_1VX6_037,0.5771
HL_4CUX_006,HL_2A64_002,0.588
HL_4CUX_006,HL_2GDI_002,0.5006
HL_4CUX_006,HL_2GDI_004,0.5006
HL_4CUX_006,HL_2HOJ_002,0.5165
HL_4CUX_006,HL_2QBG_011,0.4248
HL_4CUX_006,HL_3DHS_002,0.4867
HL_4CUX_006,HL_3J7A_004,0.2186
HL_4CUX_006,HL_3U5F_006,0.1972
HL_4CUX_006,HL_3U5H_005,0.4105
HL_4CUX_006,HL_4A1B_005,0.474
HL_4CUX_006,HL_4A1B_037,0.512
HL_4CUX_006,HL_4BPP_006,0.2765
HL_4CUX_006,HL_4CUV_005,0.4363
HL_4CUX_006,HL_4CUX_006,0
HL_4CUX_006,HL_4IOA_009,0.4899
HL_4CUX_006,HL_4QCN_009,0.4932
HL_4CUX_006,HL_4W21_039,0.8098
HL_4IOA_009,HL_1S72_010,0.1869
HL_4IOA_009,HL_1S72_039,0.6666
HL_4IOA_009,HL_1VX6_005,0.4983
HL_4IOA_009,HL_1VX6_037,0.6982
HL_4IOA_009,HL_2A64_002,0.3053
HL_4IOA_009,HL_2GDI_002,0.5498
HL_4IOA_009,HL_2GDI_004,0.5047
HL_4IOA_009,HL_2HOJ_002,0.5567
HL_4IOA_009,HL_2QBG_011,0.1556
HL_4IOA_009,HL_3DHS_002,0.194
HL_4IOA_009,HL_3J7A_004,0.3966
HL_4IOA_009,HL_3U5F_006,0.4433
HL_4IOA_009,HL_3U5H_005,0.2111
HL_4IOA_009,HL_4A1B_005,0.2362
HL_4IOA_009,HL_4A1B_037,0.6952
HL_4IOA_009,HL_4BPP_006,0.569
HL_4IOA_009,HL_4CUV_005,0.1809
HL_4IOA_009,HL_4CUX_006,0.4899
HL_4IOA_009,HL_4IOA_009,0
HL_4IOA_009,HL_4QCN_009,0.1898
HL_4IOA_009,HL_4W21_039,0.8239
HL_4QCN_009,HL_1S72_010,0.2443
HL_4QCN_009,HL_1S72_039,0.695
HL_4QCN_009,HL_1VX6_005,0.52
HL_4QCN_009,HL_1VX6_037,0.7329
HL_4QCN_009,HL_2A64_002,0.3482
HL_4QCN_009,HL_2GDI_002,0.592
HL_4QCN_009,HL_2GDI_004,0.5534
HL_4QCN_009,HL_2HOJ_002,0.6058
HL_4QCN_009,HL_2QBG_011,0.2224
HL_4QCN_009,HL_3DHS_002,0.2925
HL_4QCN_009,HL_3J7A_004,0.4263
HL_4QCN_009,HL_3U5F_006,0.4637
HL_4QCN_009,HL_3U5H_005,0.2653
HL_4QCN_009,HL_4A1B_005,0.3239
HL_4QCN_009,HL_4A1B_037,0.7187
HL_4QCN_009,HL_4BPP_006,0.5791
HL_4QCN_009,HL_4CUV_005,0.2486
HL_4QCN_009,HL_4CUX_006,0.4932
HL_4QCN_009,HL_4IOA_009,0.1898
HL_4QCN_009,HL_4QCN_009,0
HL_4QCN_009,HL_4W21_039,0.8928
HL_4W21_039,HL_1S72_010,0.7208
HL_4W21_039,HL_1S72_039,0.7288
HL_4W21_039,HL_1VX6_005,0.7894
HL_4W21_039,HL_1VX6_037,0.4547
HL_4W21_039,HL_2A64_002,0.8618
HL_4W21_039,HL_2GDI_002,0.8168
HL_4W21_039,HL_2GDI_004,0.8565
HL_4W21_039,HL_2HOJ_002,0.8089
HL_4W21_039,HL_2QBG_011,0.7298
HL_4W21_039,HL_3DHS_002,0.7688
HL_4W21_039,HL_3J7A_004,0.7605
HL_4W21_039,HL_3U5F_006,0.7643
HL_4W21_039,HL_3U5H_005,0.7047
HL_4W21_039,HL_4A1B_005,0.6943
HL_4W21_039,HL_4A1B_037,0.5208
HL_4W21_039,HL_4BPP_006,0.7423
HL_4W21_039,HL_4CUV_005,0.7278
HL_4W21_039,HL_4CUX_006,0.8098
HL_4W21_039,HL_4IOA_009,0.8239
HL_4W21_039,HL_4QCN_009,0.8928
HL_4W21_039,HL_4W21_039,0